{
  "Aceh": {
    "code": "11",
    "regions": [      
      {"code": "11.71", "name": "Kota Banda Aceh"},
      {"code": "11.72", "name": "Kota Sabang"},
      {"code": "11.73", "name": "Kota Lhokseumawe"},
      {"code": "11.74", "name": "Kota Langsa"},
      {"code": "11.75", "name": "Kota Subulussalam"}
    ]
  },
  "Sumatera Utara": {
    "code": "12",
    "regions": [
      {"code": "12.71", "name": "Kota Medan"},
      {"code": "12.72", "name": "Kota Pematangsiantar"},
      {"code": "12.73", "name": "Kota Sibolga"},
      {"code": "12.74", "name": "Kota Tanjung Balai"},
      {"code": "12.75", "name": "Kota Binjai"},
      {"code": "12.76", "name": "Kota Tebing Tinggi"},
      {"code": "12.77", "name": "Kota Padang Sidempuan"},
      {"code": "12.78", "name": "Kota Gunungsitoli"}
    ]
  },
  "Sumatera Barat": {
    "code": "13",
    "regions": [
      {"code": "13.71", "name": "Kota Padang"},
      {"code": "13.72", "name": "Kota Solok"},
      {"code": "13.73", "name": "Kota Sawahlunto"},
      {"code": "13.74", "name": "Kota Padang Panjang"},
      {"code": "13.75", "name": "Kota Bukittinggi"},
      {"code": "13.76", "name": "Kota Payakumbuh"},
      {"code": "13.77", "name": "Kota Pariaman"}
    ]
  },
  "Riau": {
    "code": "14",
    "regions": [
      {"code": "14.71", "name": "Kota Pekanbaru"},
      {"code": "14.72", "name": "Kota Dumai"}
    ]
  },
  "Jambi": {
    "code": "15",
    "regions": [
      {"code": "15.71", "name": "Kota Jambi"},
      {"code": "15.72", "name": "Kota Sungai Penuh"}
    ]
  },
  "Sumatera Selatan": {
    "code": "16",
    "regions": [
      {"code": "16.71", "name": "Kota Palembang"},
      {"code": "16.72", "name": "Kota Pagar Alam"},
      {"code": "16.73", "name": "Kota Lubuk Linggau"},
      {"code": "16.74", "name": "Kota Prabumulih"}
    ]
  },
  "Bengkulu": {
    "code": "17",
    "regions": [
      {"code": "17.71", "name": "Kota Bengkulu"}
    ]
  },
  "Lampung": {
    "code": "18",
    "regions": [
      {"code": "18.71", "name": "Kota Lampung"},
      {"code": "18.72", "name": "Kota Metro"}
    ]
  },
  "Bangka Belitung": {
    "code": "19",
    "regions": [
      {"code": "19.71", "name": "Kota Pangkal Pinang"}
    ]
  },
  "Kepulauan Riau": {
    "code": "21",
    "regions": [
      {"code": "21.71", "name": "Kota Batam"},
      {"code": "21.72", "name": "Kota Tanjung Pinang"}
    ]
  },
  "DKI Jakarta": {
    "code": "31",
    "regions": [
      {"code": "31.71", "name": "Kota Administrasi Jakarta Pusat"},
      {"code": "31.72", "name": "Kota Administrasi Jakarta Utara"},
      {"code": "31.73", "name": "Kota Administrasi Jakarta Barat"},
      {"code": "31.74", "name": "Kota Administrasi Jakarta Selatan"},
      {"code": "31.75", "name": "Kota Administrasi Jakarta Timur"}
    ]
  },
  "Jawa Barat": {
    "code": "32",
    "regions": [
      {"code": "32.71", "name": "Kota Bogor"},
      {"code": "32.72", "name": "Kota Sukabumi"},
      {"code": "32.73", "name": "Kota Bandung"},
      {"code": "32.74", "name": "Kota Cirebon"},
      {"code": "32.75", "name": "Kota Bekasi"},
      {"code": "32.76", "name": "Kota Depok"},
      {"code": "32.77", "name": "Kota Cimahi"},
      {"code": "32.78", "name": "Kota Tasikmalaya"},
      {"code": "32.79", "name": "Kota Banjar"}
    ]
  },
  "Jawa Tengah": {
    "code": "33",
    "regions": [
      {"code": "33.71", "name": "Kota Magelang"},
      {"code": "33.72", "name": "Kota Surakarta"},
      {"code": "33.73", "name": "Kota Salatiga"},
      {"code": "33.74", "name": "Kota Semarang"},
      {"code": "33.75", "name": "Kota Pekalongan"},
      {"code": "33.76", "name": "Kota Tegal"}
    ]
  },
  "DI Yogyakarta": {
    "code": "34",
    "regions": [
      {"code": "34.71", "name": "Kota Yogyakarta"}
    ]
  },
  "Jawa Timur": {
    "code": "35",
    "regions": [
      {"code": "35.71", "name": "Kota Kediri"},
      {"code": "35.72", "name": "Kota Blitar"},
      {"code": "35.73", "name": "Kota Malang"},
      {"code": "35.74", "name": "Kota Probolinggo"},
      {"code": "35.75", "name": "Kota Pasuruan"},
      {"code": "35.76", "name": "Kota Mojokerto"},
      {"code": "35.77", "name": "Kota Madiun"},
      {"code": "35.78", "name": "Kota Surabaya"},
      {"code": "35.79", "name": "Kota Batu"}
    ]
  },
  "Banten": {
    "code": "36",
    "regions": [
      {"code": "36.71", "name": "Kota Tangerang"},
      {"code": "36.72", "name": "Kota Cilegon"},
      {"code": "36.73", "name": "Kota Serang"},
      {"code": "36.74", "name": "Kota Tangerang Selatan"}
    ]
  },
  "Bali": {
    "code": "51",
    "regions": [
      {"code": "51.71", "name": "Kota Denpasar"}
    ]
  },
  "Nusa Tenggara Barat": {
    "code": "52",
    "regions": [
      {"code": "52.71", "name": "Kota Mataram"},
      {"code": "52.72", "name": "Kota Bima"}
    ]
  },
  "Nusa Tenggara Timur": {
    "code": "53",
    "regions": [
      {"code": "53.71", "name": "Kota Kupang"}
    ]
  },
  "Kalimantan Barat": {
    "code": "61",
    "regions": [
      {"code": "61.71", "name": "Kota Pontianak"},
      {"code": "61.72", "name": "Kota Singkawang"}
    ]
  },
  "Kalimantan Tengah": {
    "code": "62",
    "regions": [
      {"code": "62.71", "name": "Kota Palangkaraya"}
    ]
  },
  "Kalimantan Selatan": {
    "code": "63",
    "regions": [
      {"code": "63.71", "name": "Kota Banjarmasin"},
      {"code": "63.72", "name": "Kota Banjarbaru"}
    ]
  },
  "Kalimantan Timur": {
    "code": "64",
    "regions": [
      {"code": "64.71", "name": "Kota Balikpapan"},
      {"code": "64.72", "name": "Kota Samarinda"},
      {"code": "64.74", "name": "Kota Bontang"}
    ]
  },
  "Kalimantan Utara": {
    "code": "65",
    "regions": [
      {"code": "65.71", "name": "Kota Tarakan"}
    ]
  },
  "Sulawesi Utara": {
    "code": "71",
    "regions": [
      {"code": "71.71", "name": "Kota Manado"},
      {"code": "71.72", "name": "Kota Bitung"},
      {"code": "71.73", "name": "Kota Tomohon"},
      {"code": "71.74", "name": "Kota Kotamobagu"}
    ]
  },
  "Sulawesi Tengah": {
    "code": "72",
    "regions": [
      {"code": "72.71", "name": "Kota Palu"}
    ]
  },
  "Sulawesi Selatan": {
    "code": "73",
    "regions": [
      {"code": "73.71", "name": "Kota Makassar"},
      {"code": "73.72", "name": "Kota Pare Pare"},
      {"code": "73.73", "name": "Kota Palopo"}
    ]
  },
  "Sulawesi Tenggara": {
    "code": "74",
    "regions": [
      {"code": "74.71", "name": "Kota Kendari"},
      {"code": "74.72", "name": "Kota Bau Bau"}
    ]
  },
  "Gorontalo": {
    "code": "75",
    "regions": [
      {"code": "75.71", "name": "Kota Gorontalo"}
    ]
  },
  "Sulawesi Barat": {
    "code": "76",
    "regions": []
  },
  "Maluku": {
    "code": "81",
    "regions": [
      {"code": "81.71", "name": "Kota Ambon"},
      {"code": "81.72", "name": "Kota Tual"}
    ]
  },
  "Maluku Utara": {
    "code": "82",
    "regions": [
      {"code": "82.71", "name": "Kota Ternate"},
      {"code": "82.72", "name": "Kota Tidore Kepulauan"}
    ]
  },
  "Papua Barat": {
    "code": "91",
    "regions": [
      {"code": "91.71", "name": "Kota Sorong"}
    ]
  },
  "Papua": {
    "code": "94",
    "regions": [
      {"code": "94.71", "name": "Kota Jayapura"}
    ]
  }
}